<?xml version="1.0" encoding="UTF-8"?>
<project-private xmlns="http://www.netbeans.org/ns/project-private/1">
    <editor-bookmarks xmlns="http://www.netbeans.org/ns/editor-bookmarks/2" lastBookmarkId="0"/>
    <open-files xmlns="http://www.netbeans.org/ns/projectui-open-files/2">
        <group>
            <file>file:/C:/Users/laris/Downloads/LocacaoDVDsDandoCertoFoto/LocacaoDVDsDandoCerto/LocacaoDVDsDandoCerto/web/formularios/classificacao/listagem.jsp</file>
            <file>file:/C:/Users/laris/Downloads/LocacaoDVDsDandoCertoFoto/LocacaoDVDsDandoCerto/LocacaoDVDsDandoCerto/src/java/locacaodvds/controladores/DvdServlet.java</file>
            <file>file:/C:/Users/laris/Downloads/LocacaoDVDsDandoCertoFoto/LocacaoDVDsDandoCerto/LocacaoDVDsDandoCerto/web/css/estilos.css</file>
            <file>file:/C:/Users/laris/Downloads/LocacaoDVDsDandoCertoFoto/LocacaoDVDsDandoCerto/LocacaoDVDsDandoCerto/web/formularios/dvd/listagem.jsp</file>
        </group>
    </open-files>
</project-private>
